{
  "id": "",
  "name": "",
  "font_family": "iconfont",
  "css_prefix_text": "icon-",
  "description": "",
  "glyphs": [
    {
      "icon_id": "145738",
      "name": "信封_填充",
      "font_class": "xinfengtianchong",
      "unicode": "e69e",
      "unicode_decimal": 59038
    },
    {
      "icon_id": "4214345",
      "name": "ion-social-twitter",
      "font_class": "ion-social-twitter",
      "unicode": "e885",
      "unicode_decimal": 59525
    },
    {
      "icon_id": "11981726",
      "name": "github",
      "font_class": "github",
      "unicode": "e972",
      "unicode_decimal": 59762
    },
    {
      "icon_id": "12759454",
      "name": "QQ",
      "font_class": "QQ",
      "unicode": "e609",
      "unicode_decimal": 58889
    }
  ]
}
